cluster_id,universal_task_id,universal_task,category,cluster_name,cluster_description,n_tasks
U01.01,U01,Acquire or access primary data sources relevant to research questions.,Data Gathering,"Obtain administrative, statistical, and proprietary datasets","Acquire existing structured data assembled by institutions: government administrative records, registries and vital statistics, national and cross-national statistical databases, firm and industry data, EHR extracts used as datasets, school and court records.",91
U01.02,U01,Acquire or access primary data sources relevant to research questions.,Data Gathering,Collect digital trace and online content data,"Harvest data generated by digital activity: social media content and metadata, web crawling, platform and search logs, mobility traces from devices, usage telemetry, bibliometric and altmetric records.",24
U01.03,U01,Acquire or access primary data sources relevant to research questions.,Data Gathering,"Retrieve archival documents, texts, and cultural artifacts","Locate and gather primary sources held in collections: archives, manuscripts, rare books, legal corpora (case law, statutes, treaties), media archives, museum objects, correspondence, historical maps and photographs; includes compiling such sources into study corpora and examining them hands-on to record their material features.",79
U01.04,U01,Acquire or access primary data sources relevant to research questions.,Data Gathering,"Negotiate access, permissions, and research partnerships","Relationship and agreement work that unlocks data, sites, or populations: data-use and sharing agreements, coordination with clinics, schools, firms, agencies, archives; community gatekeepers and trust-building; permits; recruiting partner organizations.",215
U01.05,U01,Acquire or access primary data sources relevant to research questions.,Data Gathering,"Recruit, screen, and retain study participants","Build the human sample: recruitment channels, eligibility screening, enrollment, consent-adjacent logistics, compensation, follow-up contact and loss-to-follow-up management, response-rate strategy.",41
U01.06,U01,Acquire or access primary data sources relevant to research questions.,Data Gathering,Administer surveys and standardized questionnaires,"Field self-report instruments at scale: population and panel surveys, employee and consumer surveys, dietary recalls and food-frequency questionnaires, exit polls, multi-mode fielding with quality monitoring.",46
U01.07,U01,Acquire or access primary data sources relevant to research questions.,Data Gathering,"Conduct interviews, focus groups, and oral histories","Elicit verbal accounts in conversation: in-depth and semi-structured interviews, elite and expert interviews, focus groups, oral histories, think-aloud and narrative interviews; recording and transcribing them.",71
U01.08,U01,Acquire or access primary data sources relevant to research questions.,Data Gathering,Conduct ethnographic and observational fieldwork,"Observe people and settings in situ: participant observation, classroom, clinical, courtroom, and workplace observation, structured behavioral observation, site and public-space observation, field recording of naturally occurring speech, performance, and interaction.",69
U01.09,U01,Acquire or access primary data sources relevant to research questions.,Data Gathering,Run controlled sessions with human participants,"Collect data in researcher-controlled sessions: standardized cognitive, clinical, and developmental assessments; behavioral and psychophysical tasks; economic games and incentivized choice experiments; survey and lab experiments; eye-tracking, EEG/MEG, physiological and motion recording of participants; usability studies.",84
U01.10,U01,Acquire or access primary data sources relevant to research questions.,Data Gathering,"Collect clinical measurements, images, and biospecimens from patients","Gather data from patients in care settings: clinical examinations and laboratory workups, patient imaging (MRI, CT, ultrasound, endoscopy), biopsy and surgical specimen collection, intraoperative and bedside monitoring, adverse-event ascertainment, clinical follow-up for outcomes.",98
U01.11,U01,Acquire or access primary data sources relevant to research questions.,Data Gathering,Conduct experiments and procedures on animal models,"Work with laboratory and study animals: breeding and colony management, surgical and dosing procedures, disease-model induction, in vivo measurement and imaging, behavioral testing and training, humane monitoring, post-mortem examination; veterinary clinical data collection.",49
U01.12,U01,Acquire or access primary data sources relevant to research questions.,Data Gathering,Collect field samples and specimens from natural environments,"Outdoor collection of physical material and organism records: ecological and taxonomic surveys, capture and marking, environmental media sampling (water, soil, air, sediment cores), geological and archaeological fieldwork and excavation, plot-based vegetation measurement.",73
U01.13,U01,Acquire or access primary data sources relevant to research questions.,Data Gathering,Deploy and operate field instruments and sensor networks,"Install and run in-situ instrumentation that records autonomously: sensor networks, data loggers, camera traps and acoustic sensors, weather and seismic stations, oceanographic moorings and profilers, air-quality monitors.",27
U01.14,U01,Acquire or access primary data sources relevant to research questions.,Data Gathering,Acquire remote sensing and observatory data,"Obtain observations from remote platforms and large facilities: satellite and aerial imagery, LiDAR, drone surveys, telescope and detector-facility data, retrievals from autonomous platforms (gliders, floats).",26
U01.15,U01,Acquire or access primary data sources relevant to research questions.,Data Gathering,"Synthesize and fabricate materials, compounds, and structures","Make physical matter for study: organic and inorganic synthesis, polymer and nanoparticle synthesis, crystal growth, thin-film deposition and lithographic patterning, alloy and ceramic processing, formulation of composites and devices' material layers.",68
U01.16,U01,Acquire or access primary data sources relevant to research questions.,Data Gathering,Prepare and process samples for analysis,"Transform collected or synthesized material into measurable form: extraction and purification of analytes, nucleic acid/protein isolation, fixation, sectioning and staining prep, grinding, polishing and mounting, media and reagent preparation, standardized specimen conditioning.",43
U01.17,U01,Acquire or access primary data sources relevant to research questions.,Data Gathering,Measure properties with laboratory instruments,"Operate bench instruments to characterize specimens and physical systems: spectroscopy, diffraction and scattering, electron and probe microscopy of materials, magnetometry and calorimetry, mechanical, thermal, electrical, and electrochemical property measurement, chromatography-based composition analysis.",216
U01.18,U01,Acquire or access primary data sources relevant to research questions.,Data Gathering,"Test devices, systems, and prototypes under operating conditions","System-level performance testing of engineered artifacts: device current–voltage and efficiency curves, battery cycling, engine and propulsion testing, machining and manufacturing trials, durability and stress testing, flight and field trials of built prototypes.",32
U01.19,U01,Acquire or access primary data sources relevant to research questions.,Data Gathering,"Perform molecular, cellular, and biochemical assays","Wet-lab measurement of biological material: PCR and sequencing data generation, omics profiling, immunoassays and blots, flow cytometry, functional and cell-based assays, histology and immunostaining readouts, microscopy imaging of biological specimens.",138
U01.20,U01,Acquire or access primary data sources relevant to research questions.,Data Gathering,Create and maintain biological model systems and reagents,"Establish the living substrate experiments run on: cell and microbial culture, strain isolation, protein expression and purification, genetic engineering and transfection, stem-cell derivation and organoids, engineered animal and plant lines, antibody and reagent generation.",37
U01.21,U01,Acquire or access primary data sources relevant to research questions.,Data Gathering,Apply experimental treatments and interventions per protocol,"Deliver the manipulation in an experiment or trial: administer drugs, stimuli, or somatic interventions to participants, deliver behavioral or instructional treatments, apply treatments to animals, plants, plots, or process systems, implement randomized field interventions.",20
U01.22,U01,Acquire or access primary data sources relevant to research questions.,Data Gathering,Elicit expert judgments and structured annotations,"Produce data from human judgment itself: consensus panels and Delphi-style rating rounds, structured expert elicitation of weights and criteria, manual labeling and annotation for training and evaluation corpora.",6
U01.99,U01,Acquire or access primary data sources relevant to research questions.,Data Gathering,Other,Tasks under this universal task that did not fit any of its clusters.,8
U02.01,U02,Apply statistical methods to test hypotheses and estimate effect sizes.,Data Analysis,Compare outcomes across experimental groups,"Standard statistical testing on designed experiments: treatment-vs-control comparisons, ANOVA/MANOVA, rank-based tests, dose-response group contrasts, manipulation checks. Examples: T0063, T2290, T2304, T2342, T5881, T1121.",60
U02.02,U02,Apply statistical methods to test hypotheses and estimate effect sizes.,Data Analysis,Model observational associations with confounding adjustment,"Multivariable regression on observational data with covariate adjustment: the ""account for / adjust for / control for X when analyzing Y"" work, risk adjustment, confounding by indication, selection-bias awareness in estimation.",245
U02.03,U02,Apply statistical methods to test hypotheses and estimate effect sizes.,Data Analysis,Identify causal effects with quasi-experimental designs,"Identification-strategy work: instrumental variables, difference-in- differences, regression discontinuity, propensity-score and matching designs, natural experiments, placebo and identification diagnostics.",51
U02.04,U02,Apply statistical methods to test hypotheses and estimate effect sizes.,Data Analysis,Analyze time-to-event outcomes,"Survival analysis: censoring, competing risks, recurrence/progression/failure times, event-history analysis. Examples: T0036, T1030, T1113, T1357, T4501, T5507.",40
U02.05,U02,Apply statistical methods to test hypotheses and estimate effect sizes.,Data Analysis,"Model hierarchical, longitudinal, and panel data","Mixed/multilevel models for nested and repeated-measures structure, growth curves, panel fixed/random effects, clustered variance estimation, complex survey weighting. Examples: T0551, T0859, T1272, T4331, T5449, T5182.",53
U02.06,U02,Apply statistical methods to test hypotheses and estimate effect sizes.,Data Analysis,Analyze time series and dynamic relationships,"Trend and break detection, cointegration and VAR, volatility modeling, spectral and state-space decomposition, filtering. Examples: T0375, T2443, T2975, T4371, T5508, T6840.",26
U02.07,U02,Apply statistical methods to test hypotheses and estimate effect sizes.,Data Analysis,Develop and validate measurements (psychometrics),"Factor analysis and dimensionality, reliability and agreement, item analysis and DIF, measurement invariance, construct validity, rater agreement.",47
U02.08,U02,Apply statistical methods to test hypotheses and estimate effect sizes.,Data Analysis,"Assess external validity, robustness, and generalizability","Judging whether findings transport: the ""assess whether findings generalize across…"" family, sensitivity and robustness re-estimation, replication assessment, benchmarking against external reference data.",179
U02.09,U02,Apply statistical methods to test hypotheses and estimate effect sizes.,Data Analysis,Quantify and propagate measurement uncertainty,"Metrology-flavored uncertainty work: error propagation through derived quantities, systematic-error budgets, replicate-based precision, confidence intervals on measured quantities. Examples: T0135, T6165, T6188, T6327, T6337, T6354.",123
U02.10,U02,Apply statistical methods to test hypotheses and estimate effect sizes.,Data Analysis,Fit mechanistic models to extract physical parameters,"Curve fitting of theory-derived models to measured data: kinetics, isotherms, equivalent circuits, constitutive models, spectra-to-parameters, calibration curves. Examples: T3681, T4326, T4651, T4705, T4719, T4771.",140
U02.11,U02,Apply statistical methods to test hypotheses and estimate effect sizes.,Data Analysis,"Compute descriptive statistics, rates, and composite indicators","Standardized quantitative measures: descriptive statistics and trends, demographic rates and life tables, diversity and inequality indices, bibliometric and network metrics, benchmarking indicators. Examples: T0260, T2388, T2419, T2421, T1665, T6281.",93
U02.12,U02,Apply statistical methods to test hypotheses and estimate effect sizes.,Data Analysis,Analyze omics and sequence data statistically,"Differential expression, GWAS and linkage, enrichment and pathway analysis, population genetics, microbial community statistics. Examples: T0954, T1005, T2555, T5854, T5872, T5890.",30
U02.13,U02,Apply statistical methods to test hypotheses and estimate effect sizes.,Data Analysis,Infer phylogenies and evolutionary histories,"Tree inference, divergence dating, ancestral-state reconstruction, phylogenetic comparative methods, species delimitation. Examples: T1294, T2560, T4303, T4724, T5808, T6407.",17
U02.14,U02,Apply statistical methods to test hypotheses and estimate effect sizes.,Data Analysis,Analyze spatial and geostatistical patterns,"Spatial autocorrelation and point patterns, kriging and interpolation, spatial econometrics, GIS-based pattern analysis, hotspot detection.",32
U02.15,U02,Apply statistical methods to test hypotheses and estimate effect sizes.,Data Analysis,Conduct Bayesian inference and computation,"Prior specification, MCMC and samplers, convergence diagnostics, posterior predictive checks, prior sensitivity. Examples: T2325, T2565, T2626, T5122, T6752, T5902.",10
U02.16,U02,Apply statistical methods to test hypotheses and estimate effect sizes.,Data Analysis,Develop and evaluate statistical methodology,"Methods research: deriving estimator properties and bounds, constructing new tests and procedures, Monte Carlo evaluation, bias corrections, multiplicity control theory. Examples: T2426, T2691, T3085, T3088, T3729, T6963.",28
U02.17,U02,Apply statistical methods to test hypotheses and estimate effect sizes.,Data Analysis,Discover patterns with unsupervised learning,"Unsupervised structure discovery in data: clustering and segmentation into empirical types, dimensionality reduction for exploration, association-rule and frequent-pattern mining, exploratory analysis of distributions and latent structure.",6
U02.99,U02,Apply statistical methods to test hypotheses and estimate effect sizes.,Data Analysis,Other,Tasks under this universal task that did not fit any of its clusters.,9
U04.01,U04,Clean and preprocess raw data to prepare for statistical or computational analysis.,Data Analysis,Correct and filter instrument signals,"Calibration corrections, background subtraction, noise filtering, drift and artifact removal across physical instruments and sensors.",66
U04.02,U04,Clean and preprocess raw data to prepare for statistical or computational analysis.,Data Analysis,Clean and standardize records across sources,"The ""clean and standardize/harmonize X"" family: inconsistent coding schemes, terminologies, classifications, identifiers; entity resolution and deduplication. Examples: T1930, T1934, T5062, T5079, T6376, T6773.",118
U04.03,U04,Clean and preprocess raw data to prepare for statistical or computational analysis.,Data Analysis,Handle missing data and adjust weights,"Imputation, nonresponse and attrition handling, sampling and post- stratification weights, top-coding corrections.",16
U04.04,U04,Clean and preprocess raw data to prepare for statistical or computational analysis.,Data Analysis,Link records and assemble analysis datasets,"Merging and linkage across sources, panel construction, geocoding, multi-platform integration, gridding and interpolation of merged products.",28
U04.05,U04,Clean and preprocess raw data to prepare for statistical or computational analysis.,Data Analysis,"Construct derived variables, indices, and network measures","Operationalizing constructs from raw fields: composite indices, exposure and accessibility measures, network construction, standardized formula-based quantities. Examples: T0057, T2641, T2643, T2657, T2637, T3127.",69
U04.06,U04,Clean and preprocess raw data to prepare for statistical or computational analysis.,Data Analysis,Annotate and code material with coding schemes,"Systematic annotation of texts, transcripts, media, and records into categories: thematic and content coding, linguistic annotation, frame coding, recoding open-ended responses, inter-coder reliability procedures.",189
U04.07,U04,Clean and preprocess raw data to prepare for statistical or computational analysis.,Data Analysis,"Transcribe, translate, and edit source materials","Transcription of recordings and manuscripts, normalization of historical orthography, scholarly translation, collation of variant editions, glossing.",31
U04.08,U04,Clean and preprocess raw data to prepare for statistical or computational analysis.,Data Analysis,Classify cases and specimens against established schemes,"Applying diagnostic criteria, taxonomic keys, grading systems, and typologies to assign units to categories. Examples: T0193, T0377, T1655, T1907, T6581, T6742.",31
U04.09,U04,Clean and preprocess raw data to prepare for statistical or computational analysis.,Data Analysis,Process sequence and omics data,"Read alignment and assembly, genome annotation, variant calling, OTU/ASV pipelines, repertoire processing, quality filtering of sequence data.",36
U04.10,U04,Clean and preprocess raw data to prepare for statistical or computational analysis.,Data Analysis,Process image and geospatial data,"Image preprocessing, segmentation and feature quantification, 3D reconstruction, remote-sensing corrections and derived products, GIS processing and digitization. Examples: T1301, T3656, T4962, T6091, T6406, T6602.",53
U04.11,U04,Clean and preprocess raw data to prepare for statistical or computational analysis.,Data Analysis,Extract features from physiological and behavioral recordings,"Spike sorting, evoked-potential and spectral features, kinematics, gaze and motion processing, stream synchronization.",20
U04.12,U04,Clean and preprocess raw data to prepare for statistical or computational analysis.,Data Analysis,Prepare and purify physical samples,"Bench preparation of material for measurement: purification, digestion, extraction, sectioning and staining, standardized specimen conditioning.",17
U04.13,U04,Clean and preprocess raw data to prepare for statistical or computational analysis.,Data Analysis,Quantify constituents of samples with laboratory assays,"Assay-based quantification of collected samples: biomarkers, metabolites, pollutant concentrations, expression quantification, densitometry.",33
U04.14,U04,Clean and preprocess raw data to prepare for statistical or computational analysis.,Data Analysis,"Appraise data quality, coverage, and source reliability","Completeness and representativeness assessment, measurement-error diagnosis, provenance and authenticity evaluation of sources (source criticism).",23
U04.15,U04,Clean and preprocess raw data to prepare for statistical or computational analysis.,Data Analysis,Extract structured data from records and publications,"Structured abstraction from case files, EHR, judicial opinions, and published studies into analyzable variables; systematic-review data extraction.",12
U05.01,U05,Coordinate with collaborators across institutions and disciplines.,Administration,All tasks,"This universal task has few specialized tasks, so they form a single cluster.",15
U06.01,U06,"Curate and manage datasets, ensuring proper documentation and version control.",Data Gathering,Compile datasets from records and published sources,"Building datasets from administrative, documentary, bibliographic, and published material; corpus compilation. Examples: T0231, T0257, T2352, T2366, T2374, T2386.",21
U06.02,U06,"Curate and manage datasets, ensuring proper documentation and version control.",Data Gathering,Link records and assemble cohorts,"Record linkage across registries, surveys, and administrative data; cohort and panel assembly. Examples: T0389, T1423, T1438, T5281, T5284, T5286.",15
U06.03,U06,"Curate and manage datasets, ensuring proper documentation and version control.",Data Gathering,"Document, version, and release research artifacts","Lab notebooks, replication packages, code/data release, dataset versioning, benchmark assembly. Examples: T0120, T0143, T2969, T4084, T0041, T2112.",7
U06.04,U06,"Curate and manage datasets, ensuring proper documentation and version control.",Data Gathering,"Build databases, repositories, and metadata standards","Database schemas, web-accessible resources, metadata schemas and controlled vocabularies, data-security safeguards for repositories.",14
U06.05,U06,"Curate and manage datasets, ensuring proper documentation and version control.",Data Gathering,Curate physical specimens and collections,"Type and voucher deposition, provenance and type-status cataloguing.",3
U07.01,U07,Design data collection protocols and instruments to ensure validity and reproducibility.,Data Gathering,Architect studies and allocation designs,"Overall design choice and its causal architecture: choosing/justifying the design, control conditions, randomization and counterbalancing, procedural confound controls, a priori power and sample-size calculation, analysis plans.",65
U07.02,U07,Design data collection protocols and instruments to ensure validity and reproducibility.,Data Gathering,Design clinical trials and epidemiological studies,"Trials with specialty endpoints, cohort/case-control/surveillance/diagnostic- accuracy designs, eligibility criteria, follow-up schedules, blinded adjudication, pragmatic and stepped-wedge designs.",116
U07.03,U07,Design data collection protocols and instruments to ensure validity and reproducibility.,Data Gathering,Construct surveys and questionnaires,"Item and instrument writing, response scales and skip logic, mode design, translation and cultural adaptation, cognitive pretesting, multilingual equivalence. Examples: T0086, T2713, T3585, T3949, T4033, T6095.",172
U07.04,U07,Design data collection protocols and instruments to ensure validity and reproducibility.,Data Gathering,"Design behavioral tasks, stimuli, and elicitation instruments","Experimental tasks and stimuli, acceptability-judgment and production tasks, economic games and incentive-compatible mechanisms, vignettes, survey experiments, stimulus calibration and pilot validation.",65
U07.05,U07,Design data collection protocols and instruments to ensure validity and reproducibility.,Data Gathering,"Design interview, focus-group, and oral-history guides","Protocol and guide development for qualitative encounters, including culturally adapted and sensitive-topic protocols.",194
U07.06,U07,Design data collection protocols and instruments to ensure validity and reproducibility.,Data Gathering,Design sampling and recruitment strategies,"Probability and purposive sampling, stratification, respondent-driven and chain-referral designs, sampling frames for hidden populations, eligibility screening flow. Examples: T0084, T0085, T3484, T3509, T5154, T5326.",19
U07.07,U07,Design data collection protocols and instruments to ensure validity and reproducibility.,Data Gathering,"Develop scales, coding schemes, and rater procedures","Psychometric scale development and validation, rubrics and scoring guides, annotation and coding schemes, rater training and standardization, inter-coder calibration. Examples: T0329, T1764, T3168, T3507, T6590, T6877.",51
U07.08,U07,Design data collection protocols and instruments to ensure validity and reproducibility.,Data Gathering,Develop and validate analytical methods and assays,"Wet-lab and analytical method development: assay design and validation, selectivity/linearity/precision establishment, detection methods for target analytes, reference-standard verification.",36
U07.09,U07,Design data collection protocols and instruments to ensure validity and reproducibility.,Data Gathering,Calibrate and characterize instrument performance,"Metrology of the measurement chain: detector/sensor error characterization, drift and noise budgets, resolution and detection limits, calibration against reference instruments. Examples: T1830, T1841, T1877, T1880, T1899, T6958.",45
U07.10,U07,Design data collection protocols and instruments to ensure validity and reproducibility.,Data Gathering,Build and configure experimental apparatus,"Constructing and configuring setups: optical benches, vacuum and cryogenic systems, reactors and testbeds, custom hardware and DAQ, exposure-delivery rigs, real-time control loops. Examples: T0304, T2610, T3158, T3648, T4663, T5159.",45
U07.11,U07,Design data collection protocols and instruments to ensure validity and reproducibility.,Data Gathering,Design bench experimental conditions and protocols,"Controlled-condition protocol design in the lab: synthesis/deposition/kinetics condition matrices, factorial and response-surface designs, reaction-condition optimization, mechanical/electrochemical testing protocols.",106
U07.12,U07,Design data collection protocols and instruments to ensure validity and reproducibility.,Data Gathering,Design field trials and environmental sampling schemes,"Replicated plots and blocks, transects and monitoring networks, BACI designs, stratified field campaigns, herd/pen-level designs.",49
U07.13,U07,Design data collection protocols and instruments to ensure validity and reproducibility.,Data Gathering,Develop biological models and reagents for planned studies,"Strain/cell-line construction, primers and probes, labeled reagents, animal and culture model establishment for a study's purposes.",24
U07.14,U07,Design data collection protocols and instruments to ensure validity and reproducibility.,Data Gathering,"Operationalize constructs, outcomes, and classification criteria","Defining what counts: endpoint and indicator definitions, case definitions and severity gradings, construct operationalization, benchmark and metric definitions. Examples: T0070, T2985, T3089, T3732, T5741, T6744.",33
U07.15,U07,Design data collection protocols and instruments to ensure validity and reproducibility.,Data Gathering,Co-design instruments and studies with experts and stakeholders,"Structured expert consensus, stakeholder co-design, expert review of draft instruments, participatory design of studies.",8
U08.01,U08,Develop and deliver course curricula in specialized research areas.,Mentorship & Teaching,All tasks,"This universal task has few specialized tasks, so they form a single cluster.",8
U09.01,U09,Develop and validate computational models to simulate or predict phenomena.,Data Analysis,Derive quantitative predictions from established theory,"Applying governing equations and theory to predict system behavior: analytic derivations of rates, spectra, stresses, capacities, stability conditions.",140
U09.02,U09,Develop and validate computational models to simulate or predict phenomena.,Data Analysis,Formulate mathematical and computational models,"Writing the model itself: governing-equation formulations, optimization and game-theoretic model statements, stochastic processes, loss functions, threat models, system specifications. Examples: T4885, T4901, T4909, T4908, T6748, T6757.",42
U09.03,U09,Develop and validate computational models to simulate or predict phenomena.,Data Analysis,Run continuum and system-level simulations,"FEA, CFD, climate/hydrology/geophysics models, plasma and power-system codes, traffic and network simulators, discrete-event and agent-based simulation.",147
U09.04,U09,Develop and validate computational models to simulate or predict phenomena.,Data Analysis,Run molecular and electronic-structure simulations,"DFT and quantum chemistry, molecular dynamics and Monte Carlo, docking, coarse-grained and multiscale molecular methods.",61
U09.05,U09,Develop and validate computational models to simulate or predict phenomena.,Data Analysis,Calibrate models and solve inverse problems,"Fitting models to observations: calibration, data assimilation, system identification, tomographic and structure inversion/refinement.",83
U09.06,U09,Develop and validate computational models to simulate or predict phenomena.,Data Analysis,Build and evaluate machine-learning predictive models,"Architecture design, training and tuning, cross-validation, risk-prediction models, external validation, model interpretation.",39
U09.07,U09,Develop and validate computational models to simulate or predict phenomena.,Data Analysis,Design algorithms and establish their guarantees,"Algorithm/estimator design, complexity and convergence analysis, correctness proofs, algorithmic solution concepts.",20
U09.08,U09,Develop and validate computational models to simulate or predict phenomena.,Data Analysis,Develop scientific software and numerical implementations,"Implementing methods as working code: numerical schemes and solvers, analysis pipelines and tools, software prototypes, released packages.",23
U09.09,U09,Develop and validate computational models to simulate or predict phenomena.,Data Analysis,"Verify, validate, and benchmark models","V&V: prediction-vs-data comparison, convergence and grid studies, benchmark suites and synthetic ground truth, ablations, sensitivity and robustness of computational results. Examples: T0244, T2487, T5018, T6525, T6968, T6977.",76
U09.10,U09,Develop and validate computational models to simulate or predict phenomena.,Data Analysis,Project scenarios and model decisions,"Scenario projection and counterfactual simulation, decision-analytic and cost-effectiveness models, integrated assessment, policy-rule evaluation.",18
U09.11,U09,Develop and validate computational models to simulate or predict phenomena.,Data Analysis,Optimize designs and synthesize control,"Solving optimization for design/operating decisions, control-law and trajectory synthesis, simulation-driven design-parameter optimization.",20
U09.12,U09,Develop and validate computational models to simulate or predict phenomena.,Data Analysis,Model biological and epidemiological dynamics,"Population, community, ecosystem, and transmission dynamics models: analytic threshold analysis, simulation, and parameter estimation from surveillance data. Examples: T0941, T4335, T4782, T5500, T5504, T6691. (Members whose activity is purely one of the above modes can instead be filed by mode; this family exists so the applied-dynamics cluster stays legible.)",13
U09.99,U09,Develop and validate computational models to simulate or predict phenomena.,Data Analysis,Other,Tasks under this universal task that did not fit any of its clusters.,1
U10.01,U10,"Draft manuscripts describing research questions, methods, results, and interpretations.",Writing & Communication,All tasks,"This universal task has few specialized tasks, so they form a single cluster.",15
U11.01,U11,Evaluate manuscripts submitted to journals for scientific rigor and contribution.,Peer Review & Service,All tasks,"This universal task has few specialized tasks, so they form a single cluster.",1
U12.01,U12,"Generate hypotheses based on theoretical frameworks, observations, or preliminary data.",Ideation & Hypothesis Generation,Frame questions with established theory,"Choosing and applying an existing theoretical framework to motivate and structure a question: the ""apply/draw on/engage with/ground in/incorporate/ integrate X theory when framing research questions"" family.",280
U12.02,U12,"Generate hypotheses based on theoretical frameworks, observations, or preliminary data.",Ideation & Hypothesis Generation,Formulate substantive hypotheses and mechanisms,"Writing the hypothesis itself: mechanisms, pathways, risk factors, and relationships to be tested, including mechanism proposals synthesized from prior evidence. Examples: T0108, T3850, T4805, T4986, T6219, T0435.",209
U12.03,U12,"Generate hypotheses based on theoretical frameworks, observations, or preliminary data.",Ideation & Hypothesis Generation,Develop new conceptual frameworks and typologies,"Building new organizing structures where existing frameworks fall short: conceptual frameworks, typologies, periodizations, program theories/logic models. Examples: T0087, T0090, T2647, T2700, T3750, T1415.",18
U12.04,U12,"Generate hypotheses based on theoretical frameworks, observations, or preliminary data.",Ideation & Hypothesis Generation,Formulate formal models and conjectures,"Stating formal claims to be proved or formally analyzed: mathematical conjectures, formal theoretical models built to derive testable equilibrium predictions. Examples: T0107, T0280, T4794, T4795, T0303, T5113.",6
U13.01,U13,Identify gaps in existing literature to formulate novel research questions.,Ideation & Hypothesis Generation,All tasks,"This universal task has few specialized tasks, so they form a single cluster.",20
U16.01,U16,"Maintain laboratory equipment, software systems, or research infrastructure.",Administration,Calibrate instruments and characterize their performance,,21
U16.02,U16,"Maintain laboratory equipment, software systems, or research infrastructure.",Administration,Maintain and service experimental apparatus,"Servicing, troubleshooting, alignment, and upkeep of instruments, vacuum and cryogenic systems, field stations. Examples: T0118, T5295, T5313, T6639, T6650, T5303.",38
U16.03,U16,"Maintain laboratory equipment, software systems, or research infrastructure.",Administration,Maintain living collections and research organisms,"Culture collections, colonies, live specimen systems, seed banks.",8
U16.04,U16,"Maintain laboratory equipment, software systems, or research infrastructure.",Administration,Operate safety and containment programs,"Biosafety, hazardous-materials and radiation safety, quarantine and biosecurity procedures. Examples: T0105, T0106, T5129, T5131, T5151, T5519.",10
U16.05,U16,"Maintain laboratory equipment, software systems, or research infrastructure.",Administration,Manage computing infrastructure and optimize code,"Clusters and jobs, reproducible environments, performance optimization, workflow automation. Examples: T0121, T1682, T5309, T5745, T5746, T0163.",7
U16.06,U16,"Maintain laboratory equipment, software systems, or research infrastructure.",Administration,Build and release research tools and resources,"Custom instrumentation and hardware, software tools, dashboards, packaged community releases, standardized reference resources.",8
U17.01,U17,"Manage research budgets, personnel, and project timelines.",Administration,All tasks,"This universal task has few specialized tasks, so they form a single cluster.",3
U18.01,U18,Observe real-world phenomena to identify patterns worthy of scientific investigation.,Ideation & Hypothesis Generation,All tasks,"This universal task has few specialized tasks, so they form a single cluster.",14
U19.01,U19,Obtain ethical approvals and informed consent for studies involving human subjects.,Data Gathering,Obtain and maintain ethics-board approvals,"IRB/IACUC/ethics-committee applications and protocols, navigating multi-site, multi-country, and special-population review, trial registration.",91
U19.02,U19,Obtain ethical approvals and informed consent for studies involving human subjects.,Data Gathering,Design informed consent and assent procedures,"Consent design for literacy, capacity, age, culture, and coercion contexts; assent; deception and debriefing protocols; waivers for emergency research.",57
U19.03,U19,Obtain ethical approvals and informed consent for studies involving human subjects.,Data Gathering,Protect privacy and confidentiality,"HIPAA and privacy-regulation compliance, de-identification and re-identification risk, sensitive-data safeguards, mandatory-reporting protocols. Examples: T0094, T0811, T3970, T6236, T4265, T5545.",22
U19.04,U19,Obtain ethical approvals and informed consent for studies involving human subjects.,Data Gathering,"Secure community consent, permissions, and permits","Community and Indigenous consultation, data sovereignty, tribal and descendant authority protocols, site/collection permits and access permissions.",18
U19.05,U19,Obtain ethical approvals and informed consent for studies involving human subjects.,Data Gathering,Safeguard participant and animal welfare during research,"Safety-monitoring and stopping rules, adverse-event procedures, incidental findings and crisis protocols, humane endpoints, care/referral obligations.",18
U21.01,U21,"Present research findings at conferences, seminars, and symposia.",Writing & Communication,All tasks,"This universal task has few specialized tasks, so they form a single cluster.",1
U24.01,U24,Review and synthesize the relevant literature to situate a research question within existing knowledge.,Reading & Knowledge Acquisition,Search and assemble study corpora systematically,"Systematic database searches, eligibility screening, reproducible corpus protocols. Examples: T0318, T0457, T2592, T3726, T5107, T6596.",10
U24.02,U24,Review and synthesize the relevant literature to situate a research question within existing knowledge.,Reading & Knowledge Acquisition,Critically appraise studies and methods,"Methodological quality appraisal, standardized appraisal frameworks, critique of measures, instruments, and established practice.",13
U24.03,U24,Review and synthesize the relevant literature to situate a research question within existing knowledge.,Reading & Knowledge Acquisition,Synthesize evidence across studies,"Coding and synthesizing findings across a literature, mapping bodies of work, taxonomies/design spaces of research areas, guideline-informing syntheses, recommended-value derivations. Examples: T0230, T1966, T0286, T6807, T6829, T2270.",18
U24.04,U24,Review and synthesize the relevant literature to situate a research question within existing knowledge.,Reading & Knowledge Acquisition,Situate questions in theory and scholarly debates,"Adopting frameworks from the literature and situating analyses within established debates. Examples: T0170, T0462, T6721, T6725, T6730, T6712.",24
U24.05,U24,Review and synthesize the relevant literature to situate a research question within existing knowledge.,Reading & Knowledge Acquisition,Assess scope conditions of prior findings,"The ""evaluate how X limits generalizability/applicability"" family applied to existing literatures. Examples: T4389, T4423, T4470, T4493, T4510, T4522.",68
U25.01,U25,"Serve on editorial boards, grant review panels, or professional committees.",Peer Review & Service,All tasks,"This universal task has few specialized tasks, so they form a single cluster.",1
U27.01,U27,"Visualize data and results using graphs, tables, and figures for interpretation.",Data Analysis,All tasks,"This universal task has few specialized tasks, so they form a single cluster.",6
U28.01,U28,"Interpret texts, documents, artifacts, and other qualitative sources to construct evidence-based arguments.",Data Analysis,Interpret texts and works through close reading,"Close reading, hermeneutic and semiotic analysis, narrative and formal analysis of texts, artworks, media, and performances.",53
U28.02,U28,"Interpret texts, documents, artifacts, and other qualitative sources to construct evidence-based arguments.",Data Analysis,Analyze law and doctrine,"Doctrinal interpretation of statutes, cases, and authoritative sources; legal characterization of facts; reconciling norms; comparative legal analysis; compliance assessment against standards.",38
U28.03,U28,"Interpret texts, documents, artifacts, and other qualitative sources to construct evidence-based arguments.",Data Analysis,Construct normative and conceptual arguments,"Original philosophical and normative argumentation: premises to conclusions, thought experiments and hypothetical cases, objections and replies, conceptual analysis of contested terms. Examples: T2625, T2677, T6364, T2445, T2283, T6848.",36
U28.04,U28,"Interpret texts, documents, artifacts, and other qualitative sources to construct evidence-based arguments.",Data Analysis,Reconstruct histories from sources,"Historical reconstruction of events, institutions, figures, and practices from documentary and material evidence, with source criticism in use (archival bias, survival bias, silences) and cross-source triangulation.",56
U28.05,U28,"Interpret texts, documents, artifacts, and other qualitative sources to construct evidence-based arguments.",Data Analysis,Establish and analyze texts philologically,"Textual criticism and edition-establishing, dating/provenance/authenticity, paleography, etymology and historical-linguistic reconstruction, translation-correspondence analysis. Examples: T0096, T0246, T4282, T5244, T6417, T6419.",24
U28.06,U28,"Interpret texts, documents, artifacts, and other qualitative sources to construct evidence-based arguments.",Data Analysis,Interpret qualitative field data,"Grounded theory, phenomenological, discourse, and thematic interpretation of interviews, fieldnotes, and observations; trustworthiness procedures (member checking, triangulation); positionality and reflexivity.",97
U28.07,U28,"Interpret texts, documents, artifacts, and other qualitative sources to construct evidence-based arguments.",Data Analysis,Compare cases and assess interpretive scope,"Comparative case interpretation and process tracing; the ""do interpretations transfer across contexts"" family. Examples: T0060, T2319, T6871, T1597, T1608, T4539.",85
U28.99,U28,"Interpret texts, documents, artifacts, and other qualitative sources to construct evidence-based arguments.",Data Analysis,Other,Tasks under this universal task that did not fit any of its clusters.,8
U29.01,U29,"Construct formal models, proofs, and derivations to establish theoretical results.",Data Analysis,Prove theorems and derive formal results,"Proof construction, bounds and inequalities, existence/uniqueness/regularity, asymptotics, exact identities, derived consequences of axiom systems.",80
U29.02,U29,"Construct formal models, proofs, and derivations to establish theoretical results.",Data Analysis,"Construct examples, counterexamples, and classifications","Explicit constructions realizing prescribed properties, counterexample searches (including computational), classification up to equivalence.",19
U29.03,U29,"Construct formal models, proofs, and derivations to establish theoretical results.",Data Analysis,Develop formal frameworks and models,"New formalisms, axiomatizations, and notational systems; formal models built for analysis (strategic interaction, decision theory, effective theories); reformulations that transfer problems across frameworks.",17
U29.04,U29,"Construct formal models, proofs, and derivations to establish theoretical results.",Data Analysis,Verify and check formal results,"Checking derivations against special cases and known results, consistency and performance conditions, proof assistants and automated verification.",9
U30.01,U30,"Design, build, and iteratively refine artifacts such as devices, software, materials, systems, or creative works to meet specified requirements.",Design & Development,"Architect systems, algorithms, and protocols","System and hardware architectures, algorithms and data structures as artifacts, network/communication/quantum protocols, interfaces and domain-specific languages, control logic. Examples: T0316, T3439, T3242, T3474, T3487, T3556.",34
U30.02,U30,"Design, build, and iteratively refine artifacts such as devices, software, materials, systems, or creative works to meet specified requirements.",Design & Development,"Implement, integrate, and iterate working systems","Building and integrating prototypes, deploying and refining through use, extended real-condition evaluation, as-built inspection.",21
U30.03,U30,"Design, build, and iteratively refine artifacts such as devices, software, materials, systems, or creative works to meet specified requirements.",Design & Development,"Design syntheses, materials, and formulations","Retrosynthetic and catalyst/ligand design, composition and additive selection, formulation design, design-to-property strategies.",14
U30.04,U30,"Design, build, and iteratively refine artifacts such as devices, software, materials, systems, or creative works to meet specified requirements.",Design & Development,"Fabricate materials, devices, and structures","The fabricate/assemble/process family: deposition and lithography, powder and composite processing, device assembly and transfer, surface modification, scale-up. Examples: T4655, T4662, T4678, T1433, T6499, T6580.",44
U30.05,U30,"Design, build, and iteratively refine artifacts such as devices, software, materials, systems, or creative works to meet specified requirements.",Design & Development,"Design interventions, programs, and practice resources","Health and educational interventions, co-designed programs and curricula, practice guidelines and implementation toolkits.",12
U30.06,U30,"Design, build, and iteratively refine artifacts such as devices, software, materials, systems, or creative works to meet specified requirements.",Design & Development,Produce creative works as inquiry,"Practice-based research: original creative artifacts, staging/installing works for audiences, interaction concept representations.",4
U30.07,U30,"Design, build, and iteratively refine artifacts such as devices, software, materials, systems, or creative works to meet specified requirements.",Design & Development,Evaluate and select technologies against requirements,"Comparing candidate materials/designs/systems against technical criteria, feasibility and deployment assessment, deriving design requirements.",12
U30.99,U30,"Design, build, and iteratively refine artifacts such as devices, software, materials, systems, or creative works to meet specified requirements.",Design & Development,Other,Tasks under this universal task that did not fit any of its clusters.,2
